{"sentiment": {"precision": 1.0, "recall": 0.5833333333333334, "f1": 0.7368421052631579, "accuracy": 0.75}, "last_trained": "2025-03-28 16:44:03"}